lines_raw,lines,station,exit_no,facilities_raw,facilities,is_transfer_station
"1,2,7호선",1호선|2호선|7호선,월천,1,내항주공아파트,내항주공아파트,True
"1,2,7호선",1호선|2호선|7호선,월천,2,월천동신마을,월천동신마을,True
"1,2,7호선",1호선|2호선|7호선,월천,3,빈효광역선 동신역,빈효광역선 동신역,True
"1,2,7호선",1호선|2호선|7호선,월천,4,7호선 월천역,7호선 월천역,True
"1,2,7호선",1호선|2호선|7호선,월천,5,월천역 삼거리,월천역 삼거리,True
"1,2,7호선",1호선|2호선|7호선,월천,6,내항비치아파트 1단지,내항비치아파트 1단지,True
"1,2,7호선",1호선|2호선|7호선,월천,7,7호선 월천역,7호선 월천역,True
"1,2,7호선",1호선|2호선|7호선,중앙로,1,효빈초,효빈초,True
"1,2,7호선",1호선|2호선|7호선,중앙로,2,석양식당,석양식당,True
"1,2,7호선",1호선|2호선|7호선,중앙로,3,우리은행,우리은행,True
"1,2,7호선",1호선|2호선|7호선,중앙로,4,신협중앙회 효빈덕북지역본부,신협중앙회 효빈덕북지역본부,True
"1,2,7호선",1호선|2호선|7호선,중앙로,5,중앙삼거리,중앙삼거리,True
"1,2,7호선",1호선|2호선|7호선,중앙로,6,중앙삼거리,중앙삼거리,True
"1,2,7호선",1호선|2호선|7호선,중앙로,7,새마을금고,새마을금고,True
"1,2,7호선",1호선|2호선|7호선,중앙로,8,효빈노인복지관,효빈노인복지관,True
"1,2,7호선",1호선|2호선|7호선,중앙로,9,새마을금고,새마을금고,True
"1,2,7호선",1호선|2호선|7호선,중앙로,10,효빈중동초,효빈중동초,True
"1,2,7호선",1호선|2호선|7호선,중앙로,11,효빈중동푸르지오,효빈중동푸르지오,True
"1,2,7호선",1호선|2호선|7호선,중앙로,12,중앙아파트,중앙아파트,True
"1,2,7호선",1호선|2호선|7호선,중앙로,13,효빈은행중앙로지점,효빈은행중앙로지점,True
"1,2,7호선",1호선|2호선|7호선,중앙로,14,7호선 중앙로역,7호선 중앙로역,True
"1,2,7호선",1호선|2호선|7호선,중앙로,15,교보문고 효빈점,교보문고 효빈점,True
"1,2호선",1호선|2호선,우전,1,우전맛집거리,우전맛집거리,True
"1,2호선",1호선|2호선,우전,2,우전대단지아파트,우전대단지아파트,True
"1,2호선",1호선|2호선,우전,3,우전사거리,우전사거리,True
"1,2호선",1호선|2호선,우전,4,우전3동행정복지센터,우전3동행정복지센터,True
"1,2호선",1호선|2호선,우전,5,"승령중,승령고",승령중|승령고,True
"1,2호선",1호선|2호선,우전,6,토포초,토포초,True
"1,2호선",1호선|2호선,입희,1,"청남중고등학교, 이현초, 청남초",청남중고등학교|이현초|청남초,True
"1,2호선",1호선|2호선,입희,2,입희중앙거리,입희중앙거리,True
"1,2호선",1호선|2호선,입희,3,불라인아파트,불라인아파트,True
"1,2호선",1호선|2호선,입희,4,불라인아파트,불라인아파트,True
"1,2호선",1호선|2호선,입희,5,"입희중학교, 입희병원",입희중학교|입희병원,True
"1,2호선",1호선|2호선,입희,6,입희사거리,입희사거리,True
"1,2호선",1호선|2호선,입희,7,"효빈종합운동장 야구장,축구장",효빈종합운동장 야구장|축구장,True
"1,2호선",1호선|2호선,입희,8,추산초,추산초,True
"1,2호선",1호선|2호선,입희,9,"효빈종합운동장 입구, 추산초등학교",효빈종합운동장 입구|추산초등학교,True
"1,2호선",1호선|2호선,입희,10,효빈종합운동장 스타디움,효빈종합운동장 스타디움,True
"1,3,7호선 빈효광역",1호선|3호선|7호선|빈효광역,효빈,1,효빈역 아쿠아아파트,효빈역 아쿠아아파트,True
"1,3,7호선 빈효광역",1호선|3호선|7호선|빈효광역,효빈,2,AK플라자효빈점,AK플라자효빈점,True
"1,3,7호선 빈효광역",1호선|3호선|7호선|빈효광역,효빈,3,AK플라자효빈점,AK플라자효빈점,True
"1,3,7호선 빈효광역",1호선|3호선|7호선|빈효광역,효빈,4,일반열차효빈역,일반열차효빈역,True
"1,3,7호선 빈효광역",1호선|3호선|7호선|빈효광역,효빈,5,효빈역 아쿠아아파트,효빈역 아쿠아아파트,True
"1,3,7호선 빈효광역",1호선|3호선|7호선|빈효광역,효빈,6,일반열차효빈역,일반열차효빈역,True
"1,3,7호선 빈효광역",1호선|3호선|7호선|빈효광역,효빈,7,"효빈역 아쿠아아파트,7호선 효빈역",효빈역 아쿠아아파트|7호선 효빈역,True
"1,3,7호선 빈효광역",1호선|3호선|7호선|빈효광역,효빈,8,홈플러스 효빈역점,홈플러스 효빈역점,True
"1,3,7호선 빈효광역",1호선|3호선|7호선|빈효광역,효빈,9,홈플러스 효빈역점,홈플러스 효빈역점,True
"1,3,7호선 빈효광역",1호선|3호선|7호선|빈효광역,효빈,10,일반열차 효빈역 2번출구,일반열차 효빈역 2번출구,True
"1,3,7호선 빈효광역",1호선|3호선|7호선|빈효광역,효빈,11,"사가당1동행정복지센터, 사가당초중학교",사가당1동행정복지센터|사가당초중학교,True
"1,3,7호선 빈효광역",1호선|3호선|7호선|빈효광역,효빈,12,일반열차 효빈역 2번출구,일반열차 효빈역 2번출구,True
"1,3,7호선 빈효광역",1호선|3호선|7호선|빈효광역,효빈,13,사가당아파트,사가당아파트,True
"1,3,7호선 빈효광역",1호선|3호선|7호선|빈효광역,효빈,14,효빈동초등학교,효빈동초등학교,True
"1,3,7호선 빈효광역",1호선|3호선|7호선|빈효광역,효빈,15,효빈역 남부삼거리,효빈역 남부삼거리,True
"1,3,7호선 빈효광역",1호선|3호선|7호선|빈효광역,효빈,16,효빈동중고등학교,효빈동중고등학교,True
"1,3,7호선 빈효광역",1호선|3호선|7호선|빈효광역,효빈,17,"롯데슈퍼 사가당점, 효빈동여자중고등학교",롯데슈퍼 사가당점|효빈동여자중고등학교,True
"1,3호선",1호선|3호선,청엽구청,1,청엽구청,청엽구청,True
"1,3호선",1호선|3호선,청엽구청,2,청엽구청오거리,청엽구청오거리,True
"1,3호선",1호선|3호선,청엽구청,3,효빈청엽경찰서,효빈청엽경찰서,True
"1,3호선",1호선|3호선,청엽구청,4,"송엽상업고,청엽5동행정복지센터",송엽상업고|청엽5동행정복지센터,True
"1,3호선",1호선|3호선,청엽구청,5,왕교초,왕교초,True
"1,3호선",1호선|3호선,청엽구청,6,"모카고,청엽6동행정복지센터",모카고|청엽6동행정복지센터,True
"1,3호선",1호선|3호선,청엽구청,7,"빈동중,빈동고",빈동중|빈동고,True
"1,3호선",1호선|3호선,청엽구청,8,왕교초,왕교초,True
"1,4,8호선",1호선|4호선|8호선,남구청,1,판령초,판령초,True
"1,4,8호선",1호선|4호선|8호선,남구청,2,효빈남부경찰서,효빈남부경찰서,True
"1,4,8호선",1호선|4호선|8호선,남구청,3,상원대초,상원대초,True
"1,4,8호선",1호선|4호선|8호선,남구청,4,남구민광장,남구민광장,True
"1,4,8호선",1호선|4호선|8호선,남구청,5,남구청,남구청,True
"1,4,8호선",1호선|4호선|8호선,남구청,6,남구민광장,남구민광장,True
"1,4,8호선",1호선|4호선|8호선,남구청,7,이편한세상 평당아파트,이편한세상 평당아파트,True
"1,4,8호선",1호선|4호선|8호선,남구청,8,효빈남부경찰서,효빈남부경찰서,True
"1,4,8호선",1호선|4호선|8호선,남구청,9,상원대초,상원대초,True
"1,4호선",1호선|4호선,오석,1,"타이니스타 호텔,세나드호텔",타이니스타 호텔|세나드호텔,True
"1,4호선",1호선|4호선,오석,2,"복산병원,소상공인시장진흥공단 효빈덕빈지역본부",복산병원|소상공인시장진흥공단 효빈덕빈지역본부,True
"1,4호선",1호선|4호선,오석,3,빈효광역 효빈동신도시역,빈효광역 효빈동신도시역,True
"1,4호선",1호선|4호선,오석,4,효빈상고,효빈상고,True
"1,4호선",1호선|4호선,오석,5,효빈상고,효빈상고,True
"1,4호선",1호선|4호선,이자공원,1,이자베르데아파트,이자베르데아파트,True
"1,4호선",1호선|4호선,이자공원,2,"이자3동행정복지센터,이자공원역더샵아파트",이자3동행정복지센터|이자공원역더샵아파트,True
"1,4호선",1호선|4호선,이자공원,3,이자공원역버스정류장,이자공원역버스정류장,True
"1,4호선",1호선|4호선,이자공원,4,이자더샵아파트,이자더샵아파트,True
"1,4호선",1호선|4호선,이자공원,5,이자승원펠리체아파트,이자승원펠리체아파트,True
"1,4호선",1호선|4호선,이자공원,6,"이자공원,이자2동행정복지센터",이자공원|이자2동행정복지센터,True
"1,4호선,빈효광역",1호선|4호선|빈효광역,장원,1,"리사초,이마트효빈점",리사초|이마트효빈점,True
"1,4호선,빈효광역",1호선|4호선|빈효광역,장원,2,유내동행정복지센터,유내동행정복지센터,True
"1,4호선,빈효광역",1호선|4호선|빈효광역,장원,3,장원초,장원초,True
"1,4호선,빈효광역",1호선|4호선|빈효광역,장원,4,장원초,장원초,True
"1,4호선,빈효광역",1호선|4호선|빈효광역,장원,5,효빈동신도시,효빈동신도시,True
"1,4호선,빈효광역",1호선|4호선|빈효광역,장원,6,효빈동신도시,효빈동신도시,True
"1,4호선,빈효광역",1호선|4호선|빈효광역,장원,7,효빈동신도시,효빈동신도시,True
"1,4호선,빈효광역",1호선|4호선|빈효광역,장원,8,심녕초,심녕초,True
"1,5호선",1호선|5호선,전천,1,전천동행정복지센터,전천동행정복지센터,True
"1,5호선",1호선|5호선,전천,2,"전천대안마을,HSCO제2전시장",전천대안마을|HSCO제2전시장,True
"1,5호선",1호선|5호선,전천,3,"개포초,해서초,해서중, 효빈북부공업고",개포초|해서초|해서중|효빈북부공업고,True
"1,5호선",1호선|5호선,전천,4,선자대학교,선자대학교,True
"1,5호선",1호선|5호선,전천,5,1-5호선 환승통로2,1-5호선 환승통로2,True
"1,5호선",1호선|5호선,전천,6,선자대학교,선자대학교,True
"1,5호선",1호선|5호선,전천,7,전천동행정복지센터,전천동행정복지센터,True
"1,6호선",1호선|6호선,북구청,1,북구청,북구청,True
"1,6호선",1호선|6호선,북구청,2,"북구의회,감사원 효빈사무소",북구의회|감사원 효빈사무소,True
"1,6호선",1호선|6호선,북구청,3,중수푸르지오 아파트,중수푸르지오 아파트,True
"1,6호선",1호선|6호선,북구청,4,북구청사거리,북구청사거리,True
"1,6호선",1호선|6호선,북구청,5,"이마트 중수점,효빈북구보건소",이마트 중수점|효빈북구보건소,True
"1,6호선",1호선|6호선,북구청,6,"중수중,중수초, 중수1동 행정복지센터",중수중|중수초|중수1동 행정복지센터,True
"1,6호선",1호선|6호선,사노,1,"사노초,사노중",사노초|사노중,True
"1,6호선",1호선|6호선,사노,2,비마동행정복지센터,비마동행정복지센터,True
"1,6호선",1호선|6호선,사노,3,사노고,사노고,True
"1,6호선",1호선|6호선,사노,4,"신자중,새곡초,애포초",신자중|새곡초|애포초,True
"1,6호선",1호선|6호선,사노,5,사노고,사노고,True
"1,7호선",1호선|7호선,내조,1,"7호선 내조역,내조초등학교",7호선 내조역|내조초등학교,True
"1,7호선",1호선|7호선,내조,2,내조시장,내조시장,True
"1,7호선",1호선|7호선,내조,3,내조2동행정복지센터,내조2동행정복지센터,True
"1,7호선",1호선|7호선,중구청,1,"조유동2가역,토치만호텔",조유동2가역|토치만호텔,True
"1,7호선",1호선|7호선,중구청,2,"조유사거리, 조유동 행정복지센터",조유사거리|조유동 행정복지센터,True
"1,7호선",1호선|7호선,중구청,3,중구청,중구청,True
"1,7호선",1호선|7호선,중구청,4,"중구민광장,영동1가시영아파트,한국자산관리공사 효빈지역본부",중구민광장|영동1가시영아파트|한국자산관리공사 효빈지역본부,True
"1,7호선",1호선|7호선,중구청,5,"7호선중구청역,궁영동행정복지센터,궁영아파트",7호선중구청역|궁영동행정복지센터|궁영아파트,True
"1,7호선",1호선|7호선,중구청,6,"중구의회,서남시장",중구의회|서남시장,True
"1,7호선,빈효광역",1호선|7호선|빈효광역,효빈항,1,효빈항역 행복주택,효빈항역 행복주택,True
"1,7호선,빈효광역",1호선|7호선|빈효광역,효빈항,2,효빈항역삼거리,효빈항역삼거리,True
"1,7호선,빈효광역",1호선|7호선|빈효광역,효빈항,3,"빈효광역, 일반열차 효빈항역",빈효광역|일반열차 효빈항역,True
"1,7호선,빈효광역",1호선|7호선|빈효광역,효빈항,4,7호선 효빈항역 환승,7호선 효빈항역 환승,True
"1,7호선,빈효광역",1호선|7호선|빈효광역,효빈항,5,7호선 효빈항역 환승,7호선 효빈항역 환승,True
"1,7호선,빈효광역",1호선|7호선|빈효광역,효빈항,6,7호선 효빈항동부역,7호선 효빈항동부역,True
"1,7호선,빈효광역",1호선|7호선|빈효광역,효빈항,7,"1호선 효빈항역,일반열차 효빈항역",1호선 효빈항역|일반열차 효빈항역,True
"1,7호선,빈효광역",1호선|7호선|빈효광역,효빈항,8,"한국해양물류발전협회, 해양환경공단 효빈지사",한국해양물류발전협회|해양환경공단 효빈지사,True
"1,8호선",1호선|8호선,곽산,1,1-8호선 환승지,1-8호선 환승지,True
"1,8호선",1호선|8호선,곽산,2,곽산공원,곽산공원,True
"1,8호선",1호선|8호선,곽산,3,곽산상가,곽산상가,True
"1,8호선",1호선|8호선,곽산,4,곽산두라아파트,곽산두라아파트,True
"1,8호선",1호선|8호선,신거,1,평당우미린 아파트,평당우미린 아파트,True
"1,8호선",1호선|8호선,신거,2,효천고등학교,효천고등학교,True
"1,8호선",1호선|8호선,신거,3,1-8호선 환승지,1-8호선 환승지,True
"1,8호선",1호선|8호선,신거,4,신거초등학교,신거초등학교,True
"1,8호선",1호선|8호선,신거,5,평당우미린 아파트,평당우미린 아파트,True
1호선,1호선,고무,1,고무행복주택,고무행복주택,False
1호선,1호선,고무,2,고무주공아파트1단지,고무주공아파트1단지,False
1호선,1호선,고무,3,고무초,고무초,False
1호선,1호선,과남,1,"해천대,안천과학고,리나초",해천대|안천과학고|리나초,False
1호선,1호선,과남,2,이자우리아파트,이자우리아파트,False
1호선,1호선,곽암해수욕장,1,"곽산차량기지, 곽암해수욕장,곽암초등학교,곽암비치아파트",곽산차량기지|곽암해수욕장|곽암초등학교|곽암비치아파트,False
1호선,1호선,남당,1,평당양우내안에아파트1차,평당양우내안에아파트1차,False
1호선,1호선,남당,2,효빈예술회관,효빈예술회관,False
1호선,1호선,능릉,1,"능릉아파트, 칠채동 행정복지센터 ,능릉초, 영색무고",능릉아파트|칠채동 행정복지센터|능릉초|영색무고,False
1호선,1호선,당안,1,"당가중,당가역 행복주택",당가중|당가역 행복주택,False
1호선,1호선,당안,2,당가아쿠아아파트,당가아쿠아아파트,False
1호선,1호선,당안,3,"2호선, 빈효광역선 당가역 환승가능지,당안아파트",2호선|빈효광역선 당가역 환승가능지|당안아파트,False
1호선,1호선,동리,1,동리아쿠아아파트,동리아쿠아아파트,False
1호선,1호선,동리,2,"서남초,동리동행정복지센터,동리여중,동리여고,동리초,동리고,동리중",서남초|동리동행정복지센터|동리여중|동리여고|동리초|동리고|동리중,False
1호선,1호선,등기,1,"중수2동행정복지센터,등기산",중수2동행정복지센터|등기산,False
1호선,1호선,등기,2,삼선대학교,삼선대학교,False
1호선,1호선,백천,1,"이현초, 청남초(약간 거리존재",이현초|청남초(약간 거리존재,False
1호선,1호선,백천,2,"천왕사아파트2단지, 천왕아파트",천왕사아파트2단지|천왕아파트,False
1호선,1호선,백천,3,천왕사중고등학교,천왕사중고등학교,False
1호선,1호선,보몽,1,덕현주공아파트1차,덕현주공아파트1차,False
1호선,1호선,보몽,2,"보몽자이아파트,GS더프레시 보몽점,HSCO제2전시장",보몽자이아파트|GS더프레시 보몽점|HSCO제2전시장,False
1호선,1호선,보몽,3,덕현1동행정복지센터,덕현1동행정복지센터,False
1호선,1호선,보통,1,"생덕초,효빈외고,평천대",생덕초|효빈외고|평천대,False
1호선,1호선,보통,2,"창전3동행정복지센터,시송중,해천대,동자초,창전5동행정복지센터,보통초,이엽중,이엽고,홈플러스 창전점",창전3동행정복지센터|시송중|해천대|동자초|창전5동행정복지센터|보통초|이엽중|이엽고|홈플러스 창전점,False
1호선,1호선,비마리유적지구,1,단남초,단남초,False
1호선,1호선,비마리유적지구,2,"비마리유적지구,이사초,이사중",비마리유적지구|이사초|이사중,False
1호선,1호선,서도,1,"효빈북부경찰서, 한국농수산식품유통공사",효빈북부경찰서|한국농수산식품유통공사,False
1호선,1호선,서도,2,"포산중,서도마을",포산중|서도마을,False
1호선,1호선,서도,3,산고동 행정복지센터,산고동 행정복지센터,False
1호선,1호선,서목,1,"서목고,성규초",서목고|성규초,False
1호선,1호선,서목,2,"입리초,삽곡대,서목읍행정복지센터",입리초|삽곡대|서목읍행정복지센터,False
1호선,1호선,승남해수욕장,1,"승남해수욕장,승남차량기지,승남초,승남중",승남해수욕장|승남차량기지|승남초|승남중,False
1호선,1호선,십덕,1,내항초,내항초,False
1호선,1호선,십덕,2,"월천주공아파트, 월천페리체 아파트,십덕공원,내항주공1단지",월천주공아파트|월천페리체 아파트|십덕공원|내항주공1단지,False
1호선,1호선,아논타워,1,"애포초,청엽에이라아파트",애포초|청엽에이라아파트,False
1호선,1호선,아논타워,2,"아논타워,청엽1동행정복지센터,남동중",아논타워|청엽1동행정복지센터|남동중,False
1호선,1호선,아논타워,3,"우전중,우전고,우전2동행정복지센터,아논아파트",우전중|우전고|우전2동행정복지센터|아논아파트,False
1호선,1호선,아논타워,4,"서승초,서승중,토모아파트",서승초|서승중|토모아파트,False
1호선,1호선,아진,1,습지중학교,습지중학교,False
1호선,1호선,야진입구,1,"홈플러스 탄성점,탄성상고,미성초",홈플러스 탄성점|탄성상고|미성초,False
1호선,1호선,야진입구,2,야진읍방면 버스탑승지,야진읍방면 버스탑승지,False
1호선,1호선,약맥,1,약맥데르아아파트,약맥데르아아파트,False
1호선,1호선,약맥,2,"와이아파트,약맥경공업단지",와이아파트|약맥경공업단지,False
1호선,1호선,약맥,3,약맥초등학교,약맥초등학교,False
1호선,1호선,이자출장소,1,이십기대우아파트,이십기대우아파트,False
1호선,1호선,이자출장소,2,안천구청 이자출장소,안천구청 이자출장소,False
1호선,1호선,이자출장소,3,이십기동 행정복지센터,이십기동 행정복지센터,False
1호선,1호선,이자출장소,4,이자사거리,이자사거리,False
1호선,1호선,정치,1,이자4동행정복지센터,이자4동행정복지센터,False
1호선,1호선,정치,2,능천중,능천중,False
1호선,1호선,정치,3,이자자이아파트,이자자이아파트,False
1호선,1호선,창선,1,효빈중부경찰서,효빈중부경찰서,False
1호선,1호선,창선,2,"효빈문화회관,온상병원",효빈문화회관|온상병원,False
1호선,1호선,창선,3,창선사거리,창선사거리,False
1호선,1호선,창선,4,롯데백화점 효빈점 주차장,롯데백화점 효빈점 주차장,False
1호선,1호선,창선,5,롯데백화점 효빈점,롯데백화점 효빈점,False
1호선,1호선,창선,6,신한은행 효빈지점,신한은행 효빈지점,False
1호선,1호선,창선,7,"애프터글로우 호텔, 롯데시네마 효빈점",애프터글로우 호텔|롯데시네마 효빈점,False
1호선,1호선,창전,1,"효빈창전우체국,창전아파트",효빈창전우체국|창전아파트,False
1호선,1호선,창전,2,칠심초,칠심초,False
1호선,1호선,창전,3,유류동행정복지센터,유류동행정복지센터,False
1호선,1호선,창전,4,유류초,유류초,False
1호선,1호선,창전,5,소역초,소역초,False
1호선,1호선,창전,6,소역초,소역초,False
1호선,1호선,창전,7,"소역초,칠심중,칠심고",소역초|칠심중|칠심고,False
1호선,1호선,창전구청,1,창전구청,창전구청,False
1호선,1호선,창전구청,2,"창전구의회,창전2동행정복지센터,창전고",창전구의회|창전2동행정복지센터|창전고,False
1호선,1호선,창전구청,3,"창전초,창전중",창전초|창전중,False
1호선,1호선,창전구청,4,"오아초,칠심1동행정복지센터,칠심초",오아초|칠심1동행정복지센터|칠심초,False
1호선,1호선,창전구청,5,창전사거리,창전사거리,False
1호선,1호선,천왕사,1,도모초,도모초,False
1호선,1호선,천왕사,2,"천왕사초,천왕사동행정복지센터",천왕사초|천왕사동행정복지센터,False
1호선,1호선,추산,1,추산동경로당,추산동경로당,False
1호선,1호선,추산,2,추산어린이집,추산어린이집,False
1호선,1호선,추자,1,"추자공원, 니지몰",추자공원|니지몰,False
1호선,1호선,탄성,1,"탄성읍행정복지센터,탄성고",탄성읍행정복지센터|탄성고,False
1호선,1호선,탄성,2,탄성호반베르디움아파트,탄성호반베르디움아파트,False
1호선,1호선,탄성군청,1,"탄성군청,탄성초,탄성중,탄성여중,",탄성군청|탄성초|탄성중|탄성여중,False
1호선,1호선,탄성군청,2,공리중,공리중,False
1호선,1호선,팔망성,1,"안천3동행정복지센터, 제택초, 팔망성중, 효빈외대",안천3동행정복지센터|제택초|팔망성중|효빈외대,False
1호선,1호선,팔망성,2,"안천구청, 제택중",안천구청|제택중,False
1호선,1호선,평당,1,평당제일아파트,평당제일아파트,False
1호선,1호선,평당,2,"롯데백화점 평당점, 롯데마트",롯데백화점 평당점|롯데마트,False
1호선,1호선,평당,3,간자초,간자초,False
1호선,1호선,평당,4,"어산중학교, 평당5동행정복지센터",어산중학교|평당5동행정복지센터,False
1호선,1호선,평전,1,"평전공단(대한통운 효빈중부 물류센터,삼성전자공장, 회주공업공장),아진초",평전공단(대한통운 효빈중부 물류센터|삼성전자공장|회주공업공장)|아진초,False
1호선,1호선,평전,2,"평전초,평전고",평전초|평전고,False
1호선,1호선,회산,1,"트레이더스 평당점,회산역 푸르지오",트레이더스 평당점|회산역 푸르지오,False
1호선,1호선,회산,2,평당회산시장,평당회산시장,False
1호선,1호선,아논타워,1,청엽에이라아파트,청엽에이라아파트,False
1호선,1호선,아논타워,2,아논타워,아논타워,False
1호선,1호선,아논타워,3,아논아파트,아논아파트,False
1호선,1호선,아논타워,4,"토모아파트, 서승초중학교",토모아파트|서승초중학교,False
1호선,1호선,비마리유적지구,1,단남초,단남초,False
1호선,1호선,비마리유적지구,2,"비마리유적공원,이사초중, 비마베르데아파트, 비마금광베네스타아파트,비마초,동리석양아파트, 동리뮤즈아파트",비마리유적공원|이사초중|비마베르데아파트|비마금광베네스타아파트|비마초|동리석양아파트|동리뮤즈아파트,False
"1호선, 빈효광역",1호선|빈효광역,안천,1,당가2동행정복지센터,당가2동행정복지센터,True
"1호선, 빈효광역",1호선|빈효광역,안천,2,당가2동행정복지센터,당가2동행정복지센터,True
"1호선, 빈효광역",1호선|빈효광역,안천,3,"당가고,능천중",당가고|능천중,True
"1호선, 빈효광역",1호선|빈효광역,안천,4,"당가고,능천중,안천고,유우초",당가고|능천중|안천고|유우초,True
"1호선, 빈효광역",1호선|빈효광역,안천,5,"안천1동행정복지센터, 택소초, 신동초,nc백화점 효빈안천점",안천1동행정복지센터|택소초|신동초|nc백화점 효빈안천점,True
"1호선, 빈효광역",1호선|빈효광역,안천,6,"안천1동행정복지센터, 택소초, 신동초",안천1동행정복지센터|택소초|신동초,True
"1호선, 빈효광역",1호선|빈효광역,안천,7,소유초등학교,소유초등학교,True
"1호선, 빈효광역",1호선|빈효광역,안천,8,안천역아파트,안천역아파트,True
"1호선, 빈효광역",1호선|빈효광역,영색무,1,영색무아파트,영색무아파트,True
"1호선, 빈효광역",1호선|빈효광역,영색무,2,영색무아파트,영색무아파트,True
"1호선, 빈효광역",1호선|빈효광역,영색무,3,"영색무초,영색무중",영색무초|영색무중,True
"1호선, 빈효광역",1호선|빈효광역,영색무,4,영색무주공아파트,영색무주공아파트,True
"1호선, 빈효광역",1호선|빈효광역,영색무,5,이자4동행정복지센터,이자4동행정복지센터,True
"1호선, 빈효광역",1호선|빈효광역,영색무,6,"영색무고,능릉초",영색무고|능릉초,True
"1호선, 빈효광역",1호선|빈효광역,효빈항물류지구,1,"한국해양교통안전공단 효빈지사,효빈무역회관",한국해양교통안전공단 효빈지사|효빈무역회관,True
"1호선, 빈효광역",1호선|빈효광역,효빈항물류지구,2,7호선 분덕역,7호선 분덕역,True
"1호선, 빈효광역",1호선|빈효광역,효빈항물류지구,3,효빈항물류지구,효빈항물류지구,True
"1호선, 빈효광역",1호선|빈효광역,효빈항물류지구,4,7호선 효빈항동부역,7호선 효빈항동부역,True
"2,3호선",2호선|3호선,동곡,1,이엽초,이엽초,True
"2,3호선",2호선|3호선,동곡,2,산원초,산원초,True
"2,3호선",2호선|3호선,동곡,3,"동곡동행정복지센터,동곡중고등학교",동곡동행정복지센터|동곡중고등학교,True
"2,3호선",2호선|3호선,동곡,4,동곡사거리버스정류장,동곡사거리버스정류장,True
"2,3호선",2호선|3호선,동곡,5,서증초,서증초,True
"2,3호선",2호선|3호선,북효빈,1,청능아파트,청능아파트,True
"2,3호선",2호선|3호선,북효빈,2,"홈플러스 청능점,청능초",홈플러스 청능점|청능초,True
"2,3호선",2호선|3호선,북효빈,3,2-3호선 환승통로,2-3호선 환승통로,True
"2,3호선",2호선|3호선,북효빈,4,"2-3호선 공동출구, 청능사거리",2-3호선 공동출구|청능사거리,True
"2,3호선",2호선|3호선,북효빈,5,"북효빈역일반열차이용,국가철도공단 효빈본부, 한국철도공사 효빈본부",북효빈역일반열차이용|국가철도공단 효빈본부|한국철도공사 효빈본부,True
"2,3호선",2호선|3호선,북효빈,6,효빈교대,효빈교대,True
"2,3호선",2호선|3호선,청덕,1,과진 제일풍경채 아파트,과진 제일풍경채 아파트,True
"2,3호선",2호선|3호선,청덕,2,과진 경남아너스빌아파트,과진 경남아너스빌아파트,True
"2,3호선",2호선|3호선,청덕,3,"청덕2동행정복지센터,효빈보훈공단",청덕2동행정복지센터|효빈보훈공단,True
"2,3호선",2호선|3호선,청덕,4,"효빈서여고,",효빈서여고,True
"2,3호선",2호선|3호선,청덕,5,청덕서희스타힐스 아파트,청덕서희스타힐스 아파트,True
"2,3호선",2호선|3호선,청덕,6,"청덕2동행정복지센터,서구초중학교, 건강보험심사평가원 효빈지원",청덕2동행정복지센터|서구초중학교|건강보험심사평가원 효빈지원,True
"2,3호선",2호선|3호선,청덕,7,"청덕동상업지구,효빈은행 청덕지점",청덕동상업지구|효빈은행 청덕지점,True
"2,4,8호선",2호선|4호선|8호선,신흥,1,신흥마을,신흥마을,True
"2,4,8호선",2호선|4호선|8호선,신흥,2,신흥아파트,신흥아파트,True
"2,4,8호선",2호선|4호선|8호선,신흥,3,신흥상가,신흥상가,True
"2,4,8호선",2호선|4호선|8호선,신흥,4,신흥사거리,신흥사거리,True
"2,4,8호선",2호선|4호선|8호선,신흥,5,박산초,박산초,True
"2,4,8호선",2호선|4호선|8호선,신흥,6,월천동행정복지센터,월천동행정복지센터,True
"2,4,8호선",2호선|4호선|8호선,신흥,7,신흥아파트,신흥아파트,True
"2,4,8호선",2호선|4호선|8호선,신흥,8,8호선 신흥역,8호선 신흥역,True
"2,4호선",2호선|4호선,하가,1,고소초,고소초,True
"2,4호선",2호선|4호선,하가,2,신동중,신동중,True
"2,4호선",2호선|4호선,하가,3,"효빈안천소방서, 효빈안천소방서",효빈안천소방서|효빈안천소방서,True
"2,4호선",2호선|4호선,하가,4,하가초,하가초,True
"2,4호선",2호선|4호선,하가,5,하가사거리,하가사거리,True
"2,4호선",2호선|4호선,하가,6,"하가영무예다음아파트,하가택지지구",하가영무예다음아파트|하가택지지구,True
"2,4호선",2호선|4호선,하가,7,"안천중,효빈농생명고",안천중|효빈농생명고,True
"2,5호선",2호선|5호선,당선,1,효빈대 베르데홀,효빈대 베르데홀,True
"2,5호선",2호선|5호선,당선,2,"소조주공아파트, 소조휴먼시아",소조주공아파트|소조휴먼시아,True
"2,5호선",2호선|5호선,당선,3,효빈대북부거리,효빈대북부거리,True
"2,5호선",2호선|5호선,당선,4,갤러리아 효빈점,갤러리아 효빈점,True
"2,5호선",2호선|5호선,당선,5,사복행복주택,사복행복주택,True
"2,5호선",2호선|5호선,당선,6,"이마트 당선점,청산중",이마트 당선점|청산중,True
"2,5호선",2호선|5호선,당선,7,갤러리아 효빈점,갤러리아 효빈점,True
"2,5호선",2호선|5호선,당선,8,갤러리아 효빈점,갤러리아 효빈점,True
"2,5호선",2호선|5호선,당선,9,당선2동행정복지센터,당선2동행정복지센터,True
"2,5호선",2호선|5호선,당선,10,효빈대기숙사,효빈대기숙사,True
"2,5호선",2호선|5호선,시로,1,시로화이트아파트,시로화이트아파트,True
"2,5호선",2호선|5호선,시로,2,시로초중고,시로초중고,True
"2,5호선",2호선|5호선,시로,3,시로화이트아파트,시로화이트아파트,True
"2,5호선",2호선|5호선,시로,4,"광정초,광정중,신언초",광정초|광정중|신언초,True
"2,5호선",2호선|5호선,시로,5,회전초,회전초,True
"2,5호선",2호선|5호선,시로,6,"독선초,진백동행정복지센터",독선초|진백동행정복지센터,True
"2,6호선",2호선|6호선,고송교차로,1,고송푸르지오2차,고송푸르지오2차,True
"2,6호선",2호선|6호선,고송교차로,2,고송롯데아파트,고송롯데아파트,True
"2,6호선",2호선|6호선,고송교차로,3,"고송아리오스티 아파트,고송5동행정복지센터,북효빈농협,고송도서관,홈플러스 고송점",고송아리오스티 아파트|고송5동행정복지센터|북효빈농협|고송도서관|홈플러스 고송점,True
"2,6호선",2호선|6호선,고송교차로,4,고송푸르지오2차,고송푸르지오2차,True
"2,6호선",2호선|6호선,고송교차로,5,고송아파트 3차,고송아파트 3차,True
"2,6호선",2호선|6호선,고송교차로,6,"아논초,소요중,고송sk뷰 아파트",아논초|소요중|고송sk뷰 아파트,True
"2,6호선",2호선|6호선,고송교차로,7,"효빈은행 고송지점,효빈애니메이션진흥본부",효빈은행 고송지점|효빈애니메이션진흥본부,True
"2,6호선",2호선|6호선,고송교차로,8,고송롯데아파트,고송롯데아파트,True
"2,6호선",2호선|6호선,고송교차로,9,현대백화점 효빈점,현대백화점 효빈점,True
"2,6호선",2호선|6호선,마잡,1,"마잡중,이마트 마잡점",마잡중|이마트 마잡점,True
"2,6호선",2호선|6호선,마잡,2,마잡차량기지,마잡차량기지,True
"2,6호선",2호선|6호선,마잡,3,마잡2동행정복지센터,마잡2동행정복지센터,True
"2,6호선",2호선|6호선,마잡,4,서북초,서북초,True
"2,6호선",2호선|6호선,마잡,5,마잡2동행정복지센터,마잡2동행정복지센터,True
"2,6호선",2호선|6호선,마잡,6,색수초,색수초,True
"2,6호선",2호선|6호선,시청,1,"고송8동행정복지센터,효빈교통공사 본사",고송8동행정복지센터|효빈교통공사 본사,True
"2,6호선",2호선|6호선,시청,2,월림초,월림초,True
"2,6호선",2호선|6호선,시청,3,폐쇄(현재 보수공사중),폐쇄(현재 보수공사중),True
"2,6호선",2호선|6호선,시청,4,포아이즈아파트,포아이즈아파트,True
"2,6호선",2호선|6호선,시청,5,시청오거리,시청오거리,True
"2,6호선",2호선|6호선,시청,6,시청공원,시청공원,True
"2,6호선",2호선|6호선,시청,7,시청공원,시청공원,True
"2,6호선",2호선|6호선,시청,8,"효빈시청,고송부영아파트,효빈문화공사, 효빈덕북지방우정청",효빈시청|고송부영아파트|효빈문화공사|효빈덕북지방우정청,True
"2,6호선",2호선|6호선,시청,9,효빈시의회,효빈시의회,True
"2,6호선",2호선|6호선,중수,1,"효빈고등법원, 효빈고등검찰청, 효빈지방법원, 효빈지방검찰청, 남전중학교",효빈고등법원|효빈고등검찰청|효빈지방법원|효빈지방검찰청|남전중학교,True
"2,6호선",2호선|6호선,중수,2,중수2동행정복지센터,중수2동행정복지센터,True
"2,6호선",2호선|6호선,중수,3,"효빈고등법원, 효빈고등검찰청, 효빈지방법원, 효빈지방검찰청, 남전중학교",효빈고등법원|효빈고등검찰청|효빈지방법원|효빈지방검찰청|남전중학교,True
"2,6호선",2호선|6호선,중수,4,중수베이커리마을,중수베이커리마을,True
"2,6호선",2호선|6호선,중수,5,중수베이커리마을,중수베이커리마을,True
"2,6호선",2호선|6호선,중수,6,"효빈고등법원, 효빈고등검찰청, 효빈지방법원, 효빈지방검찰청, 남전중학교",효빈고등법원|효빈고등검찰청|효빈지방법원|효빈지방검찰청|남전중학교,True
"2,6호선",2호선|6호선,중수,7,"효빈북부정류장, HJ몰 효빈점, 효빈북부경찰서",효빈북부정류장|HJ몰 효빈점|효빈북부경찰서,True
"2,6호선",2호선|6호선,중수,8,"효빈북부정류장, HJ몰 효빈점",효빈북부정류장|HJ몰 효빈점,True
"2,6호선",2호선|6호선,중수,9,중수4동행정복지센터,중수4동행정복지센터,True
"2,6호선",2호선|6호선,중수,10,중수오거리,중수오거리,True
"2,6호선",2호선|6호선,중수,11,"중수고, 생선초",중수고|생선초,True
"2,6호선",2호선|6호선,중수,12,"중수고, 생선초",중수고|생선초,True
"2,7호선",2호선|7호선,내항,1,"7호선 내항역,내항동행정복지센터,내항시장",7호선 내항역|내항동행정복지센터|내항시장,True
"2,7호선",2호선|7호선,내항,2,내항초,내항초,True
"2,7호선",2호선|7호선,내항,3,내항관광단지,내항관광단지,True
"2,7호선",2호선|7호선,내항,4,내항중,내항중,True
"2,7호선",2호선|7호선,어간중앙,1,어천초,어천초,True
"2,7호선",2호선|7호선,어간중앙,2,7호선 어간중앙역,7호선 어간중앙역,True
"2,7호선",2호선|7호선,어간중앙,3,"효빈보건대,폴리텍8대학",효빈보건대|폴리텍8대학,True
"2,7호선",2호선|7호선,어간중앙,4,어간여고,어간여고,True
"2,8호선",2호선|8호선,박산,1,8호선 박산역,8호선 박산역,True
"2,8호선",2호선|8호선,박산,2,박산중고등학교,박산중고등학교,True
"2,8호선",2호선|8호선,박산,3,박산더웰아파트(예정),박산더웰아파트(예정),True
"2,8호선",2호선|8호선,박산,4,8호선 운촌역,8호선 운촌역,True
2호선,2호선,고도,1,"고도동행정복지센터,다판고",고도동행정복지센터|다판고,False
2호선,2호선,고도,2,7호선 고도리역,7호선 고도리역,False
2호선,2호선,과송,1,"과진자이아파트,과진1동행정복지센터",과진자이아파트|과진1동행정복지센터,False
2호선,2호선,과송,2,"고송호반베르디움1차,고송공원,하내초",고송호반베르디움1차|고송공원|하내초,False
2호선,2호선,과송,3,고송래미안1차,고송래미안1차,False
2호선,2호선,과진중앙,1,과진6동행정복지센터,과진6동행정복지센터,False
2호선,2호선,과진중앙,2,"과진7동
행정복지센터
과진2아파트
과진우체국",과진7동|행정복지센터|과진2아파트|과진우체국,False
2호선,2호선,과진중앙,3,"효빈체육중고,중촌대,신북중,운촌초",효빈체육중고|중촌대|신북중|운촌초,False
2호선,2호선,남전,1,"토모초,신영중",토모초|신영중,False
2호선,2호선,남전,2,생선초,생선초,False
2호선,2호선,남전,3,"월남초,채산동행정복지센터,남전시장",월남초|채산동행정복지센터|남전시장,False
2호선,2호선,남전,4,남전초중고,남전초중고,False
2호선,2호선,등동,1,"남부초,효빈레인보우아파트, 효빈슈퍼스타아파트",남부초|효빈레인보우아파트|효빈슈퍼스타아파트,False
2호선,2호선,등동,2,청남초,청남초,False
2호선,2호선,등동,3,"등동행정복지센터,청반초,덕북대효빈캠,엽월대,청엽외고",등동행정복지센터|청반초|덕북대효빈캠|엽월대|청엽외고,False
2호선,2호선,사복,1,"사복중학교,사복초등학교,사복2동행정복지센터",사복중학교|사복초등학교|사복2동행정복지센터,False
2호선,2호선,사복,2,사복역센트럴시티아파트,사복역센트럴시티아파트,False
2호선,2호선,사복,3,사복휴먼시아2단지아파트,사복휴먼시아2단지아파트,False
2호선,2호선,사복,4,과진이아르아파트,과진이아르아파트,False
2호선,2호선,사복,5,과진2동행정복지센터,과진2동행정복지센터,False
2호선,2호선,사복,6,"과진5동행정복지센터,효빈서초등학교,과진고등학교,효빈서중학교",과진5동행정복지센터|효빈서초등학교|과진고등학교|효빈서중학교,False
2호선,2호선,사연,1,평안명대,평안명대,False
2호선,2호선,사연,2,사연초,사연초,False
2호선,2호선,상가,1,"상가초,뇌전동행정복지센터",상가초|뇌전동행정복지센터,False
2호선,2호선,상가,2,상가도매시장,상가도매시장,False
2호선,2호선,서신포,1,효빈항물류지구,효빈항물류지구,False
2호선,2호선,서신포,2,항1동행정복지센터,항1동행정복지센터,False
2호선,2호선,서신포,3,구 서신포구 공원,구 서신포구 공원,False
2호선,2호선,소장(북문),1,북성동행정복지센터,북성동행정복지센터,False
2호선,2호선,소장(북문),2,내성중고등학교,내성중고등학교,False
2호선,2호선,소장(북문),3,소장해변공원,소장해변공원,False
2호선,2호선,신영,1,신영신단업중심단지,신영신단업중심단지,False
2호선,2호선,심동,1,심동해변,심동해변,False
2호선,2호선,심동,2,심동주공1차,심동주공1차,False
2호선,2호선,심동,3,심동주공2차,심동주공2차,False
2호선,2호선,쌍엽,1,쌍엽2동행정복지센터,쌍엽2동행정복지센터,False
2호선,2호선,쌍엽,2,쌍엽오거리,쌍엽오거리,False
2호선,2호선,쌍엽,3,쌍엽 먹자골목,쌍엽 먹자골목,False
2호선,2호선,쌍엽,4,쌍엽 푸르지오 1차 아파트,쌍엽 푸르지오 1차 아파트,False
2호선,2호선,쌍엽,5,"팔천중고등학교,쌍엽 푸르지오 2차 아파트",팔천중고등학교|쌍엽 푸르지오 2차 아파트,False
2호선,2호선,어간,1,"어간1동행정복지센터,폴리텍8대학",어간1동행정복지센터|폴리텍8대학,False
2호선,2호선,어간,2,효빈해양대 2캠퍼스,효빈해양대 2캠퍼스,False
2호선,2호선,어간,3,"어간세영아파트, 어간현대아파트",어간세영아파트|어간현대아파트,False
2호선,2호선,어간,4,어간수산공단,어간수산공단,False
2호선,2호선,어간,5,어간신원리브웰아파트,어간신원리브웰아파트,False
2호선,2호선,어간수산시장,1,어간수산시장,어간수산시장,False
2호선,2호선,어간수산시장,2,어간 후산마을,어간 후산마을,False
2호선,2호선,어간수산시장,3,어간여고,어간여고,False
2호선,2호선,어간수산시장,4,"효빈해양대학1캠퍼스,해안초",효빈해양대학1캠퍼스|해안초,False
2호선,2호선,어간수산시장,5,어간2동행정복지센터,어간2동행정복지센터,False
2호선,2호선,어간항,1,"어간3동행정복지센터,어간항(다소 멈),브링아파트",어간3동행정복지센터|어간항(다소 멈)|브링아파트,False
2호선,2호선,어간항,2,"어두아파트,지안아파트,안부아파트",어두아파트|지안아파트|안부아파트,False
2호선,2호선,엽천,1,엽천현대아파트,엽천현대아파트,False
2호선,2호선,엽천,2,"유류초,유류동행정복지센터,월삼초",유류초|유류동행정복지센터|월삼초,False
2호선,2호선,운양,1,"선산중,은화학교,효빈헤센아파트",선산중|은화학교|효빈헤센아파트,False
2호선,2호선,운양,2,운양역푸르지오아파트,운양역푸르지오아파트,False
2호선,2호선,운양,3,"운양초,벨라치오아파트",운양초|벨라치오아파트,False
2호선,2호선,운양,4,"효빈남중,평안초",효빈남중|평안초,False
2호선,2호선,유류,1,해성초,해성초,False
2호선,2호선,유류,2,"동곡여자중고등학교,배로초",동곡여자중고등학교|배로초,False
2호선,2호선,유류,3,유류중,유류중,False
2호선,2호선,입동,1,효빈유람선 입동선착장,효빈유람선 입동선착장,False
2호선,2호선,입동,2,입동마을,입동마을,False
2호선,2호선,입선,1,천왕아파트,천왕아파트,False
2호선,2호선,입선,2,"청능도매시장,입선초중,산남고,시장상인아파트,입선아파트",청능도매시장|입선초중|산남고|시장상인아파트|입선아파트,False
2호선,2호선,입선,3,"근선초,이남고",근선초|이남고,False
2호선,2호선,입선,4,"치남초,불라인아파트",치남초|불라인아파트,False
2호선,2호선,채산,1,"효반국토관리사무소,",효반국토관리사무소,False
2호선,2호선,채산,2,"중수3동 행정복지센터,한국수자원공사 효빈본부,중수래미안아파트2차,효빈지방합동청사",중수3동 행정복지센터|한국수자원공사 효빈본부|중수래미안아파트2차|효빈지방합동청사,False
2호선,2호선,칠심,1,칠심베르디움아파트,칠심베르디움아파트,False
2호선,2호선,칠심,2,창전소방서,창전소방서,False
2호선,2호선,칠심,3,오양초,오양초,False
2호선,2호선,칠심,4,칠심3동행정복지센터,칠심3동행정복지센터,False
2호선,2호선,칠천,1,구 칠천군사기지앞역,구 칠천군사기지앞역,False
2호선,2호선,칠천,2,"칠천초,헌산초중,칠천주공아파트",칠천초|헌산초중|칠천주공아파트,False
2호선,2호선,칠천,3,효빈대학교병원,효빈대학교병원,False
2호선,2호선,항동1가,1,"항동고,종람초",항동고|종람초,False
2호선,2호선,항동1가,2,"항구초,항1동행정복지센터",항구초|항1동행정복지센터,False
2호선,2호선,헌이송,1,모카중,모카중,False
2호선,2호선,헌이송,2,"신지초,헌이송중,헌이송고,헌이송공업고",신지초|헌이송중|헌이송고|헌이송공업고,False
2호선,2호선,효빈공단,1,이마트 월천점,이마트 월천점,False
2호선,2호선,효빈공단,2,"신흥초,등동중,등동고",신흥초|등동중|등동고,False
2호선,2호선,효빈대학교,1,7호선 효빈대입구역,7호선 효빈대입구역,False
2호선,2호선,효빈대학교,2,효빈대 대학본부,효빈대 대학본부,False
2호선,2호선,효빈대학교,3,"효빈대 학생회관,상과대",효빈대 학생회관|상과대,False
2호선,2호선,효빈대학교,4,효빈대 박물관,효빈대 박물관,False
2호선,2호선,효빈대학교,5,효빈대 예술대학,효빈대 예술대학,False
2호선,2호선,효빈대학교,6,효빈대 학생복지타운,효빈대 학생복지타운,False
2호선,2호선,효빈대학교,7,"효빈대 기숙사 아파트,보건진료소",효빈대 기숙사 아파트|보건진료소,False
2호선,2호선,효빈대학교,8,효빈대 대운동장,효빈대 대운동장,False
2호선,2호선,효빈항 국제여객터미널,1,해양아파트,해양아파트,False
2호선,2호선,효빈항 국제여객터미널,2,"효빈항제4부두,항동차량기지",효빈항제4부두|항동차량기지,False
2호선,2호선,효빈항 국제여객터미널,3,"항동중,소여아파트",항동중|소여아파트,False
2호선,2호선,효빈항 국제여객터미널,4,효빈항국제여객터미널,효빈항국제여객터미널,False
2호선,2호선,효빈항 국제여객터미널,5,"회주공업,회주공업사원아파트1차",회주공업|회주공업사원아파트1차,False
2호선,2호선,흑택,1,광연대,광연대,False
2호선,2호선,흑택,2,"흑택초,흑택중",흑택초|흑택중,False
"2호선,빈효광역",2호선|빈효광역,당가,1,당가역행복주택,당가역행복주택,True
"2호선,빈효광역",2호선|빈효광역,당가,2,"1호선 당안역,당안아파트",1호선 당안역|당안아파트,True
"2호선,빈효광역",2호선|빈효광역,당가,3,"당가중,당가1동행정복지센터,당가삼성아파트",당가중|당가1동행정복지센터|당가삼성아파트,True
"2호선,빈효광역",2호선|빈효광역,당가,4,현대로템 효빈공장 1문,현대로템 효빈공장 1문,True
"2호선,빈효광역",2호선|빈효광역,당가,5,현대로템 효빈공장 2문,현대로템 효빈공장 2문,True
"2호선,빈효광역",2호선|빈효광역,당가,6,"포성중,당가고",포성중|당가고,True
"3,4호선",3호선|4호선,사가당,1,사가당 현대아파트2차,사가당 현대아파트2차,True
"3,4호선",3호선|4호선,사가당,2,"사가당주공2차아파트, 모산초",사가당주공2차아파트|모산초,True
"3,4호선",3호선|4호선,사가당,3,사가당 현대아파트2차,사가당 현대아파트2차,True
"3,4호선",3호선|4호선,사가당,4,덕현중학교,덕현중학교,True
"3,4호선",3호선|4호선,사가당,5,사가당 주공1차아파트,사가당 주공1차아파트,True
"3,4호선",3호선|4호선,사가당,6,"사가당주공2차아파트, 모산초",사가당주공2차아파트|모산초,True
"3,5호선",3호선|5호선,고속버스터미널(해서),1,"터미널 오거리,HSCO제1전시장(북문)",터미널 오거리|HSCO제1전시장(북문),True
"3,5호선",3호선|5호선,고속버스터미널(해서),2,"사능2동 행정복지센터, 사능초,소조초",사능2동 행정복지센터|사능초|소조초,True
"3,5호선",3호선|5호선,고속버스터미널(해서),3,생곡초,생곡초,True
"3,5호선",3호선|5호선,고속버스터미널(해서),4,"효빈교대 부설초,생곡초",효빈교대 부설초|생곡초,True
"3,5호선",3호선|5호선,고속버스터미널(해서),5,숙박시설 밀집지역,숙박시설 밀집지역,True
"3,5호선",3호선|5호선,고속버스터미널(해서),6,숙박시설 밀집지역,숙박시설 밀집지역,True
"3,5호선",3호선|5호선,고속버스터미널(해서),7,효빈고속버스터미널내부,효빈고속버스터미널내부,True
"3,5호선",3호선|5호선,고속버스터미널(해서),8,신세계백화점 효빈점,신세계백화점 효빈점,True
"3,5호선",3호선|5호선,고속버스터미널(해서),9,효빈고속버스터미널 시내버스 환승장,효빈고속버스터미널 시내버스 환승장,True
"3,5호선",3호선|5호선,고속버스터미널(해서),10,고속터미널 시내버스 남부정류장,고속터미널 시내버스 남부정류장,True
"3,5호선",3호선|5호선,고속버스터미널(해서),11,"이마트 효빈터미널점,해서중,해서초",이마트 효빈터미널점|해서중|해서초,True
"3,5호선",3호선|5호선,고속버스터미널(해서),12,효빈시외버스터미널내부,효빈시외버스터미널내부,True
"3,6호선",3호선|6호선,덕현,1,덕현 쉐르빌 아파트,덕현 쉐르빌 아파트,True
"3,6호선",3호선|6호선,덕현,2,"동구청, 덕현2동 행정복지센터,효빈동중, 효빈동고",동구청|덕현2동 행정복지센터|효빈동중|효빈동고,True
"3,6호선",3호선|6호선,덕현,3,덕현 멜라네를 타워 아파트,덕현 멜라네를 타워 아파트,True
"3,6호선",3호선|6호선,덕현,4,"덕현 멜라네를 타워 아파트,덕현중",덕현 멜라네를 타워 아파트|덕현중,True
"3,6호선",3호선|6호선,덕현,5,덕현 래미안 아파트,덕현 래미안 아파트,True
"3,6호선",3호선|6호선,덕현,6,덕현 SK아파트,덕현 SK아파트,True
"3,6호선",3호선|6호선,덕현,7,덕현 래미안 아파트,덕현 래미안 아파트,True
"3,6호선",3호선|6호선,고송나루,1,고송해변아파트,고송해변아파트,True
"3,6호선",3호선|6호선,고송나루,2,곽소초,곽소초,True
"3,6호선",3호선|6호선,고송나루,3,고송해변아파트,고송해변아파트,True
"3,6호선",3호선|6호선,고송나루,4,고송나루,고송나루,True
"3,6호선",3호선|6호선,고송나루,5,인서고,인서고,True
"3,6호선",3호선|6호선,고송나루,6,고송 아쿠아아파트,고송 아쿠아아파트,True
"3,6호선",3호선|6호선,고송나루,7,고송해변공원,고송해변공원,True
"3,6호선",3호선|6호선,고송나루,8,고송 아쿠아아파트,고송 아쿠아아파트,True
3호선,3호선,과진,1,"과진더샵2차,과진초,과진중",과진더샵2차|과진초|과진중,False
3호선,3호선,과진,2,"과진3동행정복지센터,과성초",과진3동행정복지센터|과성초,False
3호선,3호선,과진,3,"사야병원, 롯데마트 고송점",사야병원|롯데마트 고송점,False
3호선,3호선,과진,4,"다이소과진점,과진자이아파트1차,하내초,고송공원,고송병원",다이소과진점|과진자이아파트1차|하내초|고송공원|고송병원,False
3호선,3호선,과진,5,"과진3동행정복지센터,과성초",과진3동행정복지센터|과성초,False
3호선,3호선,사능,1,사능1동 행정복지센터,사능1동 행정복지센터,False
3호선,3호선,사능,2,7호선 사능동3가역,7호선 사능동3가역,False
3호선,3호선,사능,3,7호선 사능동3가역,7호선 사능동3가역,False
3호선,3호선,사능,4,"사능고, 7호선 치남역",사능고|7호선 치남역,False
3호선,3호선,사능,5,사능오거리,사능오거리,False
3호선,3호선,사능,6,"사능미술관,HSCO제1전시장",사능미술관|HSCO제1전시장,False
3호선,3호선,송덕,1,"청덕우체국, 노드치과,청덕3동행정복지센터, 서효빈병원, 영풍문고",청덕우체국|노드치과|청덕3동행정복지센터|서효빈병원|영풍문고,False
3호선,3호선,송덕,2,미아초등학교,미아초등학교,False
3호선,3호선,송덕,3,"서구초,서구중",서구초|서구중,False
3호선,3호선,송덕,4,송덕역 센트럴파크아파트 1차,송덕역 센트럴파크아파트 1차,False
3호선,3호선,송덕,5,송덕역 센트럴파크아파트2차,송덕역 센트럴파크아파트2차,False
3호선,3호선,송덕,6,"청덕하나리움2차,미아초",청덕하나리움2차|미아초,False
3호선,3호선,중만도,1,중만도,중만도,False
3호선,3호선,청능,1,"청능중,소조중",청능중|소조중,False
3호선,3호선,청능,2,월림초,월림초,False
3호선,3호선,청능,3,청능동행정복지센터,청능동행정복지센터,False
3호선,3호선,청엽,1,청엽 네스텔 아파트,청엽 네스텔 아파트,False
3호선,3호선,청엽,2,청엽 이노벨리움 아파트,청엽 이노벨리움 아파트,False
3호선,3호선,청엽,3,홈플러스 사노점,홈플러스 사노점,False
3호선,3호선,청엽,4,"청엽중,청엽고, 청엽초",청엽중|청엽고|청엽초,False
3호선,3호선,청엽,5,사가당4동 행정복지센터,사가당4동 행정복지센터,False
3호선,3호선,청엽,6,"청엽중,청엽고,",청엽중|청엽고,False
3호선,3호선,토모리해수욕장,1,토모리해수욕장,토모리해수욕장,False
3호선,3호선,토모리해수욕장,2,토모리해수욕장,토모리해수욕장,False
3호선,3호선,토모리해수욕장,3,"시남초, 토모고",시남초|토모고,False
3호선,3호선,투자,1,"오아중, 팔조초",오아중|팔조초,False
3호선,3호선,투자,2,"투자초,투자중,소선초",투자초|투자중|소선초,False
3호선,3호선,투자,3,"쌍엽여중,쌍엽여고, 롯데마트 맥스 창전점",쌍엽여중|쌍엽여고|롯데마트 맥스 창전점,False
3호선,3호선,팔조,1,팔조차량기지,팔조차량기지,False
3호선,3호선,팔조,2,"내산초,시곡초",내산초|시곡초,False
3호선,3호선,팔조,3,"팔조동행정복지센터,팔조중",팔조동행정복지센터|팔조중,False
3호선,3호선,효빈남부시외버스터미널,1,"효빈남부시외버스터미널,애천초등학교",효빈남부시외버스터미널|애천초등학교,False
3호선,3호선,효빈남부시외버스터미널,2,신괴초등학교,신괴초등학교,False
3호선,3호선,효빈남부시외버스터미널,3,월언초등학교,월언초등학교,False
3호선,3호선,효빈남부시외버스터미널,4,"홈플러스 청엽점, 롯데백화점 청엽점",홈플러스 청엽점|롯데백화점 청엽점,False
3호선,3호선,효빈남부시외버스터미널,5,"원남중, 월언초",원남중|월언초,False
3호선,3호선,효빈남부시외버스터미널,6,팔천중고등학교,팔천중고등학교,False
3호선,3호선,효빈남부시외버스터미널,7,우전1동행정복지센터,우전1동행정복지센터,False
3호선,3호선,효빈복지대학교,1,효빈복지대학교,효빈복지대학교,False
3호선,3호선,효빈복지대학교,2,"효빈복지여고, 효빈복지고,사복1동행정복지센터",효빈복지여고|효빈복지고|사복1동행정복지센터,False
3호선,3호선,효빈복지대학교,3,홈플러스 고송점,홈플러스 고송점,False
"4,5호선",4호선|5호선,도변,1,"수안초,도변고",수안초|도변고,True
"4,5호선",4호선|5호선,도변,2,"도변사거리, 도변 버스정류장",도변사거리|도변 버스정류장,True
"4,5호선",4호선|5호선,도변,3,롯데마트 도변점,롯데마트 도변점,True
"4,5호선",4호선|5호선,도변,4,도변읍행정복지센터,도변읍행정복지센터,True
"4,5호선",4호선|5호선,도변,5,도변읍행정복지센터,도변읍행정복지센터,True
"4,5호선",4호선|5호선,도변,6,"롯데마트 도변점,도변초",롯데마트 도변점|도변초,True
"4,5호선",4호선|5호선,동덕현,1,부선초,부선초,True
"4,5호선",4호선|5호선,동덕현,2,덕현9동행정복지센터,덕현9동행정복지센터,True
"4,5호선",4호선|5호선,동덕현,3,"덕현고, 덕현초, 덕현5동행정복지센터",덕현고|덕현초|덕현5동행정복지센터,True
"4,5호선",4호선|5호선,동덕현,4,"덕현6동행정복지센터, 매남초",덕현6동행정복지센터|매남초,True
"4,5호선",4호선|5호선,동덕현,5,"덕현11동행정복지센터,나공중",덕현11동행정복지센터|나공중,True
"4,6호선",4호선|6호선,가동사거리,1,사가당초중,사가당초중,True
"4,6호선",4호선|6호선,가동사거리,2,"동구초, 효빈동여중고",동구초|효빈동여중고,True
"4,6호선",4호선|6호선,가동사거리,3,사가당2동 행정복지센터,사가당2동 행정복지센터,True
"4,6호선",4호선|6호선,가동사거리,4,"사가당고등학교,사경초",사가당고등학교|사경초,True
"4,6호선",4호선|6호선,가동사거리,5,"4<->6환승, 사가당3동행정복지센터",4<->6환승|사가당3동행정복지센터,True
4호선,4호선,고당,1,효빈남고,효빈남고,False
4호선,4호선,고당,2,"효빈남초,고간중",효빈남초|고간중,False
4호선,4호선,고당,3,"남구초,삼성사원아파트",남구초|삼성사원아파트,False
4호선,4호선,뇌전,1,"뇌전초, 군남중, 뇌전동행정복지센터,뇌전공단",뇌전초|군남중|뇌전동행정복지센터|뇌전공단,False
4호선,4호선,백합공원,1,"안천5동행정복지센터, 채화초, 안천여고, 제택고, 백합중",안천5동행정복지센터|채화초|안천여고|제택고|백합중,False
4호선,4호선,백합공원,2,안천휴먼시아,안천휴먼시아,False
4호선,4호선,빙천,1,빙천공구단지,빙천공구단지,False
4호선,4호선,빙천,2,"애마초, 평당중,고당동 행정복지센터",애마초|평당중|고당동 행정복지센터,False
4호선,4호선,사야,1,포장공업단지,포장공업단지,False
4호선,4호선,삼각,1,"롯데시네마 효빈점, 롯데백화점 효빈점",롯데시네마 효빈점|롯데백화점 효빈점,False
4호선,4호선,삼각,2,"유이문화촌(약간 걸림),근로복지공단 효빈지역본부, 효빈교통공사 별관",유이문화촌(약간 걸림)|근로복지공단 효빈지역본부|효빈교통공사 별관,False
4호선,4호선,삼각,3,"약맥동 행정복지센터,빈선초,한국마사회 효빈지사",약맥동 행정복지센터|빈선초|한국마사회 효빈지사,False
4호선,4호선,서수,1,서수초,서수초,False
4호선,4호선,서수,2,"윤부중, 서수아파트",윤부중|서수아파트,False
4호선,4호선,소원,1,소원중고,소원중고,False
4호선,4호선,소원,2,소원면사무소,소원면사무소,False
4호선,4호선,앵내,1,앵내시장,앵내시장,False
4호선,4호선,앵내,2,"토영초,앵내고, 도변읍앵내출장소",토영초|앵내고|도변읍앵내출장소,False
4호선,4호선,앵내,3,앵내공원,앵내공원,False
4호선,4호선,요우,1,요우초,요우초,False
4호선,4호선,요우,2,요우초,요우초,False
4호선,4호선,요우,3,"요우중,도변여중,도변여고",요우중|도변여중|도변여고,False
4호선,4호선,요우,4,요우사거리,요우사거리,False
4호선,4호선,우택,1,우택원마을,우택원마을,False
4호선,4호선,우택,2,우택사거리,우택사거리,False
4호선,4호선,우택,3,원내초,원내초,False
4호선,4호선,우택,4,"우택초,우택동행정복지센터",우택초|우택동행정복지센터,False
4호선,4호선,이부,1,"평당하나리움아파트,평당도뮤토아파트",평당하나리움아파트|평당도뮤토아파트,False
4호선,4호선,이부,2,"평당3동행정복지센터,아쿠아몰 평당점",평당3동행정복지센터|아쿠아몰 평당점,False
4호선,4호선,잠재,1,"잠재초,잠재중",잠재초|잠재중,False
4호선,4호선,천가,1,"천가초, 천가중, 청명초",천가초|천가중|청명초,False
4호선,4호선,치구,1,하구초중학교,하구초중학교,False
4호선,4호선,치구,2,북택동행정복지센터,북택동행정복지센터,False
4호선,4호선,탄자,1,이자3동행정복지센터,이자3동행정복지센터,False
4호선,4호선,탄자,2,"탄자초, 탄자중",탄자초|탄자중,False
4호선,4호선,탄자,3,"성저동행정복지센터, 성저초,성저중, 창건고, 신선초",성저동행정복지센터|성저초|성저중|창건고|신선초,False
4호선,4호선,해운산업지구,1,"평당4동행정복지센터,평당차량기지,효빈현대조선소",평당4동행정복지센터|평당차량기지|효빈현대조선소,False
"4호선, 빈효광역",4호선|빈효광역,신덕,1,"내조1동행정복지센터,방송통신대 효빈본부",내조1동행정복지센터|방송통신대 효빈본부,True
"4호선, 빈효광역",4호선|빈효광역,신덕,2,"사가당우미린아파트,사가당병원",사가당우미린아파트|사가당병원,True
"4호선, 빈효광역",4호선|빈효광역,신덕,3,"신덕주공아파트,신덕초, 신덕동행정복지센터, 내조중,효빈중부소방서",신덕주공아파트|신덕초|신덕동행정복지센터|내조중|효빈중부소방서,True
"4호선, 빈효광역",4호선|빈효광역,신덕,4,"내조1동행정복지센터,방송통신대 효빈본부",내조1동행정복지센터|방송통신대 효빈본부,True
"4호선, 빈효광역",4호선|빈효광역,신덕,5,"효빈역고가차도, 단남초,사가당 우미린아파트",효빈역고가차도|단남초|사가당 우미린아파트,True
"4호선, 빈효광역",4호선|빈효광역,이자,1,"이자사거리,이자승원펠리체아파트",이자사거리|이자승원펠리체아파트,True
"4호선, 빈효광역",4호선|빈효광역,이자,2,이자역광장공원,이자역광장공원,True
"4호선, 빈효광역",4호선|빈효광역,이자,3,4호선-빈효광역 환승,4호선-빈효광역 환승,True
"4호선, 빈효광역",4호선|빈효광역,이자,4,롯데마트 이자점,롯데마트 이자점,True
"4호선, 빈효광역",4호선|빈효광역,이자,5,롯데마트 이자점,롯데마트 이자점,True
"4호선, 빈효광역",4호선|빈효광역,이자,6,포성초,포성초,True
"4호선, 빈효광역",4호선|빈효광역,이자,7,포성초,포성초,True
"4호선, 빈효광역",4호선|빈효광역,이자,8,이자2동행정복지센터,이자2동행정복지센터,True
"4호선, 빈효광역",4호선|빈효광역,이자,9,"이자여중, 태택초",이자여중|태택초,True
"4호선, 빈효광역",4호선|빈효광역,진월천,1,4호선<->빈효광역 환승,4호선<->빈효광역 환승,True
"4호선, 빈효광역",4호선|빈효광역,진월천,2,신흥공업단지,신흥공업단지,True
"4호선, 빈효광역",4호선|빈효광역,진월천,3,벨라시티 효빈공장,벨라시티 효빈공장,True
"4호선, 빈효광역",4호선|빈효광역,진월천,4,월천동 행정복지센터,월천동 행정복지센터,True
"4호선, 빈효광역",4호선|빈효광역,진월천,5,월천지웰아파트,월천지웰아파트,True
"4호선, 빈효광역",4호선|빈효광역,진월천,6,박월고,박월고,True
"5,6호선",5호선|6호선,전천중앙,1,전천베우리길,전천베우리길,True
"5,6호선",5호선|6호선,전천중앙,2,덕현병원,덕현병원,True
"5,6호선",5호선|6호선,전천중앙,3,"전천초,전천중",전천초|전천중,True
"5,6호선",5호선|6호선,전천중앙,4,"전천중앙역 스타리아아파트,오내장미아파트",전천중앙역 스타리아아파트|오내장미아파트,True
"5,6호선",5호선|6호선,전천중앙,5,5<->6호선 환승,5<->6호선 환승,True
"5,6호선",5호선|6호선,전천중앙,6,"오내장미아파트, 오내주공1~3단지",오내장미아파트|오내주공1~3단지,True
"5,6호선",5호선|6호선,전천중앙,7,"신분초, 효빈정보고",신분초|효빈정보고,True
5호선,5호선,남우택,1,"코스트코 효빈점, 사온초",코스트코 효빈점|사온초,False
5호선,5호선,남우택,2,"우택중,우택고, 우택상월아파트",우택중|우택고|우택상월아파트,False
5호선,5호선,루비,1,"흑택면, 은염초",흑택면|은염초,False
5호선,5호선,루비,2,"루비중,아이스크림공원",루비중|아이스크림공원,False
5호선,5호선,소조,1,"효빈대학교 사회과학대학, 언어문학대학",효빈대학교 사회과학대학|언어문학대학,False
5호선,5호선,소조,2,"효빈대학교 사회복지학대학, 사회과학대학",효빈대학교 사회복지학대학|사회과학대학,False
5호선,5호선,소조,3,소조센트럴시티아파트,소조센트럴시티아파트,False
5호선,5호선,소조,4,청능대현아파트,청능대현아파트,False
5호선,5호선,소조,5,효빈대학교 중앙도서관,효빈대학교 중앙도서관,False
5호선,5호선,소조,6,효빈대 세상관,효빈대 세상관,False
5호선,5호선,소조,7,청능대현아파트,청능대현아파트,False
5호선,5호선,소조,8,효빈교육대학교,효빈교육대학교,False
5호선,5호선,소조,9,"소조동행정복지센터,청능초",소조동행정복지센터|청능초,False
5호선,5호선,진백,1,"진백초, 진백주거단지",진백초|진백주거단지,False
5호선,5호선,진백,2,"진백중,진백고",진백중|진백고,False
5호선,5호선,진백,3,회전초,회전초,False
5호선,5호선,청덕공원,1,"청덕공원, 청덕차량기지",청덕공원|청덕차량기지,False
5호선,5호선,청덕공원,2,청덕초,청덕초,False
5호선,5호선,청엽국제학교,1,"청엽아트아파트,서릉초",청엽아트아파트|서릉초,False
5호선,5호선,청엽국제학교,2,청엽4동행정복지센터,청엽4동행정복지센터,False
5호선,5호선,청엽국제학교,3,안곡초,안곡초,False
5호선,5호선,청엽국제학교,4,청엽국제학교,청엽국제학교,False
5호선,5호선,청엽국제학교,5,"덕현6동행정복지센터, 매남초, 사덕초,산군초,모산중,덕현여고",덕현6동행정복지센터|매남초|사덕초|산군초|모산중|덕현여고,False
5호선,5호선,포성산,1,포성산,포성산,False
5호선,5호선,포성산,2,포성로,포성로,False
5호선,5호선,화환,1,"화환광장, 주산초",화환광장|주산초,False
5호선,5호선,화환,2,"나살리초중고, 청덕1동행정복지센터, 해총대,산산초",나살리초중고|청덕1동행정복지센터|해총대|산산초,False
5호선,5호선,효빈과학기술원,1,"산진초,은안초,효빈서고",산진초|은안초|효빈서고,False
5호선,5호선,효빈과학기술원,2,"효빈과학기술원, 운진중",효빈과학기술원|운진중,False
5호선,5호선,효빈과학기술원,3,"운촌초,효빈과학기술원,한국전력공사 효빈본부, 한전kdn효빈본부",운촌초|효빈과학기술원|한국전력공사 효빈본부|한전kdn효빈본부,False
6호선,6호선,건강보험공단,1,건강보험공단 효빈북부지사,건강보험공단 효빈북부지사,False
6호선,6호선,건강보험공단,2,고송 sk뷰 2차 아파트,고송 sk뷰 2차 아파트,False
6호선,6호선,건강보험공단,3,고송엔제르아파트,고송엔제르아파트,False
6호선,6호선,건강보험공단,4,"고송대방디엠시티, 고송건강공원",고송대방디엠시티|고송건강공원,False
6호선,6호선,건강보험공단,5,고송엔제르 아파트,고송엔제르 아파트,False
6호선,6호선,고송,1,고송역 푸르지오,고송역 푸르지오,False
6호선,6호선,고송,2,고송4동행정복지센터,고송4동행정복지센터,False
6호선,6호선,고송,3,고송역 자이아파트,고송역 자이아파트,False
6호선,6호선,고송,4,"고송초,고송중",고송초|고송중,False
6호선,6호선,동고송,1,고송코아루아파트,고송코아루아파트,False
6호선,6호선,동고송,2,동고송역 푸르지오 아파트,동고송역 푸르지오 아파트,False
6호선,6호선,동고송,3,"고송강변아파트, 고송강변공원, 고송행정복지센터, 유로초,포레나 고송아파트",고송강변아파트|고송강변공원|고송행정복지센터|유로초|포레나 고송아파트,False
6호선,6호선,동고송,4,고송강변아파트,고송강변아파트,False
6호선,6호선,동고송,5,"두산위브고송아파트,고송여고",두산위브고송아파트|고송여고,False
6호선,6호선,비동,1,",마잡1동행정복지센터",마잡1동행정복지센터,False
6호선,6호선,비동,2,색수초,색수초,False
6호선,6호선,비마,1,비내중,비내중,False
6호선,6호선,비마,2,"효빈종합고,언산초,비마고",효빈종합고|언산초|비마고,False
6호선,6호선,비마,3,"단라초,신나초,기타초,어장고",단라초|신나초|기타초|어장고,False
6호선,6호선,비마,4,비마초,비마초,False
6호선,6호선,오내,1,새올초,새올초,False
6호선,6호선,오내,2,"남전동행정복지센터, 채산중",남전동행정복지센터|채산중,False
6호선,6호선,오내,3,소창고,소창고,False
6호선,6호선,오내사거리,1,"오내1동행정복지센터,오내초,오내고",오내1동행정복지센터|오내초|오내고,False
6호선,6호선,오내사거리,2,"북구초,사녹중",북구초|사녹중,False
6호선,6호선,오내사거리,3,오내사거리,오내사거리,False
6호선,6호선,오내사거리,4,"오내중, 오내2동행정복지센터,서신고,처곡초,전천고",오내중|오내2동행정복지센터|서신고|처곡초|전천고,False
6호선,6호선,장포,1,진헌초,진헌초,False
6호선,6호선,장포,2,진희아파트,진희아파트,False
6호선,6호선,장포,3,"진희더샵비발디아파트,진희초중학교,대금초등학교",진희더샵비발디아파트|진희초중학교|대금초등학교,False
6호선,6호선,진희,1,원각초,원각초,False
6호선,6호선,진희,2,더리브 진희아파트,더리브 진희아파트,False
6호선,6호선,진희,3,진희성업,진희성업,False
6호선,6호선,진희,4,롯데백화점 진희점,롯데백화점 진희점,False
6호선,6호선,진희,5,롯데백화점 진희점,롯데백화점 진희점,False
6호선,6호선,진희,6,"롯데마트 진희점,신천초",롯데마트 진희점|신천초,False
6호선,6호선,진희,7,진희교,진희교,False
6호선,6호선,진희,8,진희강변공원,진희강변공원,False
6호선,6호선,진희,9,"효빈제일초중고, 쉐르빌고송아파트",효빈제일초중고|쉐르빌고송아파트,False
6호선,6호선,포산,1,포산초,포산초,False
6호선,6호선,포산,2,포산사거리,포산사거리,False
6호선,6호선,포산,3,포산동행정복지센터,포산동행정복지센터,False
6호선,6호선,포산,4,포산중,포산중,False
6호선,6호선,효빈종합고,1,신천초,신천초,False
6호선,6호선,효빈종합고,2,효빈종합고사거리,효빈종합고사거리,False
6호선,6호선,효빈종합고,3,입희아파트,입희아파트,False
6호선,6호선,효빈종합고,4,효빈종합고 본관,효빈종합고 본관,False
6호선,6호선,효빈종합고,5,효빈종합관 상업관,효빈종합관 상업관,False
6호선,6호선,효빈종합고,6,"진희주공아파트2차, 트레이더스 효빈점",진희주공아파트2차|트레이더스 효빈점,False
"6호선, 빈효광역",6호선|빈효광역,전덕,1,"전덕역아파트,덕현역아파트 2단지",전덕역아파트|덕현역아파트 2단지,True
"6호선, 빈효광역",6호선|빈효광역,전덕,2,덕현철길벽화,덕현철길벽화,True
"6호선, 빈효광역",6호선|빈효광역,전덕,3,"산군중,덕현3동행정복지센터,전덕초,전덕중",산군중|덕현3동행정복지센터|전덕초|전덕중,True
"6호선, 빈효광역",6호선|빈효광역,전덕,4,전덕세도거리,전덕세도거리,True
7호선,7호선,가족센터,1,"북구가족센터, 사능고, 사가당공원 후문",북구가족센터|사능고|사가당공원 후문,False
7호선,7호선,갑문,1,효빈 갑문,효빈 갑문,False
7호선,7호선,개항지,1,"효빈개항지, 효빈중앙로해양파출소, 효빈중앙초등학교",효빈개항지|효빈중앙로해양파출소|효빈중앙초등학교,False
7호선,7호선,경동,1,세나드호텔,세나드호텔,False
7호선,7호선,고도리,1,"고도초등학교(폐교),2호선 고도역, 다판고",고도초등학교(폐교)|2호선 고도역|다판고,False
7호선,7호선,구 세관,1,구 세관,구 세관,False
7호선,7호선,구 칠천군사기지앞,1,"구 칠천군사기지,헌산초중학교, 효빈대 보건대학,2호선 칠천역",구 칠천군사기지|헌산초중학교|효빈대 보건대학|2호선 칠천역,False
7호선,7호선,구시청앞,1,"구시청, 효빈아동종합복지관,타이니스타 호텔",구시청|효빈아동종합복지관|타이니스타 호텔,False
7호선,7호선,궁정,1,"대한적십자사 효빈지사, 효빈서부시장, 신덕주공아파트, 신덕초, 신덕동행정복지센터",대한적십자사 효빈지사|효빈서부시장|신덕주공아파트|신덕초|신덕동행정복지센터,False
7호선,7호선,내조공원,1,내조공원,내조공원,False
7호선,7호선,내항시장,1,"내항초, 내항동행정복지센터, 내항시장",내항초|내항동행정복지센터|내항시장,False
7호선,7호선,당선원마을,1,효빈대 공과대학지구,효빈대 공과대학지구,False
7호선,7호선,도람,1,"메가박스 효빈점, 사니파신",메가박스 효빈점|사니파신,False
7호선,7호선,리사,1,"리사초, 이마트 효빈점,효빈중구사회복지협의회",리사초|이마트 효빈점|효빈중구사회복지협의회,False
7호선,7호선,만마루,1,만마루광장,만마루광장,False
7호선,7호선,명일,1,내항중,내항중,False
7호선,7호선,봇지마을,1,"북문초등학교,조유주공아파트",북문초등학교|조유주공아파트,False
7호선,7호선,북구 서부어린이회관,1,북구 서부어린이회관,북구 서부어린이회관,False
7호선,7호선,북문로,1,북문로거리,북문로거리,False
7호선,7호선,분덕,1,효빈항물류지구역 2번출구,효빈항물류지구역 2번출구,False
7호선,7호선,사가당공원,1,"AK플라자 효빈점, 사가당공원 입구",AK플라자 효빈점|사가당공원 입구,False
7호선,7호선,사능동1가,1,중구 민방위교육정,중구 민방위교육정,False
7호선,7호선,사능동3가,1,"3호선 사능역, 사능1동 행정복지센터",3호선 사능역|사능1동 행정복지센터,False
7호선,7호선,사능복지관,1,사능종합복지관,사능종합복지관,False
7호선,7호선,사능삼거리,1,사능삼거리,사능삼거리,False
7호선,7호선,사중,1,"북구 서부어린이회관, 사능삼거리",북구 서부어린이회관|사능삼거리,False
7호선,7호선,산홍,1,공업지구,공업지구,False
7호선,7호선,상원초등학교,1,상원초등학교,상원초등학교,False
7호선,7호선,색수시장,1,"색수시장, 효빈노인복지관,중소기업벤처진흥공단 효빈지역본부",색수시장|효빈노인복지관|중소기업벤처진흥공단 효빈지역본부,False
7호선,7호선,서남,1,"천석초, 효빈 행복주택",천석초|효빈 행복주택,False
7호선,7호선,시남,1,시남해변공원,시남해변공원,False
7호선,7호선,시북,1,고도동행정복지센터,고도동행정복지센터,False
7호선,7호선,심동1가,1,"유이아파트, 심동주공아파트1,2차,2호선심동역",유이아파트|심동주공아파트1|2차|2호선심동역,False
7호선,7호선,심동2가,1,"심동아파트, 대흥아파트, 심동초,효빈중부경찰서",심동아파트|대흥아파트|심동초|효빈중부경찰서,False
7호선,7호선,어간초등학교,1,어간초등학교,어간초등학교,False
7호선,7호선,우이,1,삼각중학교,삼각중학교,False
7호선,7호선,원동4가,1,"mbc효빈방송곡, 농협은행, 효빈세무서, GS 더프레시, 교보문고",mbc효빈방송곡|농협은행|효빈세무서|GS 더프레시|교보문고,False
7호선,7호선,유내,1,"유내동행정복지센터,효빈사회복지공동모금회",유내동행정복지센터|효빈사회복지공동모금회,False
7호선,7호선,유성당,1,유성당,유성당,False
7호선,7호선,유이문화촌,1,"유이문화촌,창선중",유이문화촌|창선중,False
7호선,7호선,조유동2가,1,1호선중구청역 1번출구,1호선중구청역 1번출구,False
7호선,7호선,조유동3가,1,"조유공원, 토치만호텔",조유공원|토치만호텔,False
7호선,7호선,중동3가,1,"효빈중앙중,효빈중",효빈중앙중|효빈중,False
7호선,7호선,중보로,1,"중정동행정복지센터, 효빈우체국, 제일은행",중정동행정복지센터|효빈우체국|제일은행,False
7호선,7호선,중앙고등학교,1,"효빈중앙고,내조초,사능중",효빈중앙고|내조초|사능중,False
7호선,7호선,중앙로1가,1,"효빈미술관, 리에라스테이,조능병원,효빈교통공사 공식 굿즈샵 중앙로1가역점",효빈미술관|리에라스테이|조능병원|효빈교통공사 공식 굿즈샵 중앙로1가역점,False
7호선,7호선,중앙로3가,1,"중앙동행정복지센터, 하나은행, 중앙아파트",중앙동행정복지센터|하나은행|중앙아파트,False
7호선,7호선,천석동2가,1,중구청삼거리,중구청삼거리,False
7호선,7호선,천석동3가,1,"효빈여고, 서남시장",효빈여고|서남시장,False
7호선,7호선,치남,1,"3호선 사능역, 사능고,HSCO제1전시장",3호선 사능역|사능고|HSCO제1전시장,False
7호선,7호선,항동3가,1,고관초등학교,고관초등학교,False
7호선,7호선,항동문화회관,1,항동 철도문화회관,항동 철도문화회관,False
7호선,7호선,항만해변,1,"항만해변, 항만공단",항만해변|항만공단,False
7호선,7호선,효빈고등학교,1,"효빈고등학교, 효빈천석주공아파트",효빈고등학교|효빈천석주공아파트,False
7호선,7호선,효빈대학교입구,1,"효빈대학교 정문, 효빈대학교 대운동장, 2호선 효빈대학교역 1번 출구",효빈대학교 정문|효빈대학교 대운동장|2호선 효빈대학교역 1번 출구,False
7호선,7호선,효빈성북문,1,"효빈성 북문공원, 효빈대 병원",효빈성 북문공원|효빈대 병원,False
7호선,7호선,효빈성앞,1,"효빈성 공원, 효빈박물관,내조2동행정복지센터",효빈성 공원|효빈박물관|내조2동행정복지센터,False
7호선,7호선,효빈은행,1,"효빈은행, 효빈대학교 병원 분관, 효빈중",효빈은행|효빈대학교 병원 분관|효빈중,False
7호선,7호선,효빈항동부,1,효빈항물류지구역 4번출구,효빈항물류지구역 4번출구,False
8호선,8호선,곽산고등학교,1,"곽산고, 곽산중,트레이더스 평당점",곽산고|곽산중|트레이더스 평당점,False
8호선,8호선,남구선거관리위원회,1,"설채초, 남구선관위",설채초|남구선관위,False
8호선,8호선,남부소방서,1,"효빈남부소방서, 평당1동행정복지센터",효빈남부소방서|평당1동행정복지센터,False
8호선,8호선,능남,1,"능남공원, 평남중, 앵판초",능남공원|평남중|앵판초,False
8호선,8호선,문화회관,1,"평당1동정복지센터, 문화회관",평당1동정복지센터|문화회관,False
8호선,8호선,박산중고등학교,1,"박산초, 박산중, 박산고",박산초|박산중|박산고,False
8호선,8호선,배고,1,배고 신거주단지,배고 신거주단지,False
8호선,8호선,부한,1,능사초,능사초,False
8호선,8호선,북평단,1,평당3동행정복지센터,평당3동행정복지센터,False
8호선,8호선,사북내,1,"평남초, 판령초",평남초|판령초,False
8호선,8호선,세무지구,1,세무지구,세무지구,False
8호선,8호선,운양중앙,1,평당휴엔하임아파트,평당휴엔하임아파트,False
8호선,8호선,운촌,1,박산정광플러스원아파트,박산정광플러스원아파트,False
8호선,8호선,주곡,1,주곡마을,주곡마을,False
8호선,8호선,주오,1,상원대초,상원대초,False
8호선,8호선,창문공원,1,창문공원,창문공원,False
8호선,8호선,평곡,1,평당6동행정복지센터,평당6동행정복지센터,False
8호선,8호선,평당6동주민센터,1,"구 평당6동 행정복지센터,소안고",구 평당6동 행정복지센터|소안고,False
8호선,8호선,평당고등학교,1,평당고등학교,평당고등학교,False
8호선,8호선,평당장애인복지관,1,평당장애인복지관,평당장애인복지관,False
8호선,8호선,평운,1,효천고,효천고,False
빈효광역,빈효광역,동신,1,동신공원,동신공원,False
빈효광역,빈효광역,리의,1,안천구청 이자출장소,안천구청 이자출장소,False
빈효광역,빈효광역,리의,2,"이자1동 행정복지센터, 효빈대 이자캠퍼스. 리의초, 이자여자고등학교",이자1동 행정복지센터|효빈대 이자캠퍼스. 리의초|이자여자고등학교,False
빈효광역,빈효광역,북택,1,북택상업지구,북택상업지구,False
빈효광역,빈효광역,북택,2,북택동 행정복지센터,북택동 행정복지센터,False
빈효광역,빈효광역,북택,3,"북택중고등학교, 신동초,",북택중고등학교|신동초,False
빈효광역,빈효광역,수포,1,현대로템 효빈공장,현대로템 효빈공장,False
빈효광역,빈효광역,오주,1,"빈선초,내성학교",빈선초|내성학교,False
빈효광역,빈효광역,오주,2,"입동초,입동공원",입동초|입동공원,False
빈효광역,빈효광역,타천,1,"성택대,낭화학교",성택대|낭화학교,False
빈효광역,빈효광역,타천,2,"이마트 안천점, 소령초, 도자초, 효빈외대",이마트 안천점|소령초|도자초|효빈외대,False
빈효광역,빈효광역,하성천,1,"덕현7동행정복지센터, 신곡초, 원내초,산언초",덕현7동행정복지센터|신곡초|원내초|산언초,False
빈효광역,빈효광역,효빈동신도시,1,입빈초,입빈초,False
빈효광역,빈효광역,효빈동신도시,2,"농림축산검역본부 효빈사무소,한국관광공사 효빈덕북지역본부, 한국국토정보공사 효빈덕북지역본부",농림축산검역본부 효빈사무소|한국관광공사 효빈덕북지역본부|한국국토정보공사 효빈덕북지역본부,False
빈효광역,빈효광역,효빈동신도시,3,"효빈상업고등학교, 공무원연금공단 효빈덕북지역본부",효빈상업고등학교|공무원연금공단 효빈덕북지역본부,False
빈효광역,빈효광역,효빈동신도시,4,"1,4호선 오석역",1|4호선 오석역,False
빈효광역,빈효광역,효빈동신도시,5,효빈동 세가아파트,효빈동 세가아파트,False
